Timestamp,Temperature,Humidity,Motion
2025-03-24 05:34:33,24.5,31,1
2025-03-24 05:34:35,24.3,31,1
2025-03-24 05:34:37,24.3,32,1
2025-03-24 05:34:40,,,1
2025-03-24 05:34:42,24.3,32,1
2025-03-24 05:34:44,24.3,31,1
2025-03-24 05:34:46,24.3,31,1
2025-03-24 05:34:49,24.3,32,1
2025-03-24 05:34:51,24.3,32,1
2025-03-24 05:34:53,24.3,32,1
2025-03-24 05:34:55,24.3,32,1
2025-03-24 05:34:58,24.3,32,1
2025-03-24 05:35:00,24.3,32,1
2025-03-24 05:35:02,24.3,32,1
2025-03-24 05:35:04,24.3,32,1
2025-03-24 05:35:07,24.3,32,1
2025-03-24 05:35:09,24.3,32,1
2025-03-24 05:35:11,24.3,32,1
2025-03-24 05:35:13,,,1
2025-03-24 05:35:16,24.3,32,1
2025-03-24 05:35:18,24.3,32,1
2025-03-24 05:35:20,24.3,32,1
2025-03-24 05:35:22,24.3,32,1
2025-03-24 05:35:25,24.3,32,1
2025-03-24 05:35:27,24.3,32,1
2025-03-24 05:35:29,24.3,32,1
2025-03-24 06:36:12,24.4,32,1
2025-03-24 06:36:14,25.9,29,1
2025-03-24 06:36:16,25.9,29,1
2025-03-24 06:36:19,25.9,29,1
2025-03-24 06:36:21,25.9,29,1
2025-03-24 06:36:23,25.9,29,1
2025-03-24 06:36:25,25.9,29,1
2025-03-24 06:36:28,25.9,29,1
2025-03-24 06:36:30,25.9,29,1
2025-03-24 06:36:32,25.9,29,1
2025-03-24 06:36:35,25.9,29,1
2025-03-24 06:36:37,25.9,29,1
2025-03-24 06:36:39,25.9,29,1
2025-03-24 06:36:41,25.9,29,1
2025-03-24 06:36:44,25.9,29,1
2025-03-24 06:36:46,,,1
2025-03-24 06:36:48,25.9,29,1
2025-03-24 06:36:50,25.9,29,1
2025-03-24 06:36:53,,,1
2025-03-24 06:36:55,25.9,29,1
2025-03-24 06:36:57,25.9,29,1
2025-03-24 06:36:59,,,1
2025-03-24 06:37:02,25.9,29,1
2025-03-24 06:37:04,25.9,29,1
2025-03-24 06:37:06,25.9,29,1
2025-03-24 06:37:08,25.9,29,1
2025-03-24 06:37:11,25.9,29,1
2025-03-24 06:37:13,25.9,29,1
2025-03-24 06:37:15,25.9,29,1
2025-03-24 06:37:17,25.9,29,1
2025-03-24 06:37:20,25.9,29,1
2025-03-24 06:37:22,25.9,29,1
2025-03-24 06:37:24,25.9,29,1
2025-03-24 06:37:26,25.8,29,1
2025-03-24 06:37:29,25.9,29,1
2025-03-24 06:37:31,25.9,29,1
2025-03-24 06:37:33,,,1
2025-03-24 06:37:35,25.8,29,1
2025-03-24 06:37:38,25.8,29,1
2025-03-24 06:37:40,25.8,29,1
2025-03-24 06:37:42,25.8,29,1
2025-03-24 06:37:44,25.8,29,1
2025-03-24 06:37:47,,,1
2025-03-24 06:37:49,25.8,29,1
2025-03-24 06:37:51,25.8,29,1
2025-03-24 06:37:53,25.8,29,1
2025-03-24 06:37:56,25.8,29,1
2025-03-24 06:37:58,25.8,29,1
2025-03-24 06:38:00,25.8,29,1
2025-03-24 06:38:02,25.8,29,1
2025-03-24 06:38:05,25.8,29,1
2025-03-24 06:38:07,,,1
2025-03-24 06:38:09,25.8,29,1
2025-03-24 06:38:11,25.8,29,1
2025-03-24 06:38:14,,,1
2025-03-24 06:38:16,25.8,29,1
2025-03-24 06:38:18,25.7,29,1
2025-03-24 06:38:20,25.8,29,1
2025-03-24 06:38:23,25.8,29,1
2025-03-24 06:38:25,25.8,29,1
2025-03-24 06:38:27,25.7,29,1
2025-03-24 06:38:29,25.8,29,1
2025-03-24 06:38:32,25.7,29,1
2025-03-24 06:38:34,25.7,29,1
2025-03-24 06:38:36,25.7,29,1
2025-03-24 06:38:39,25.7,29,1
2025-03-24 06:38:41,,,1
2025-03-24 06:38:43,25.7,29,1
2025-03-24 06:38:45,25.7,29,1
2025-03-24 06:38:48,25.7,29,1
2025-03-24 06:38:50,25.7,29,1
2025-03-24 06:38:52,25.7,29,1
2025-03-24 06:38:54,25.7,29,1
2025-03-24 06:38:57,25.7,29,1
2025-03-24 06:38:59,25.7,29,1
2025-03-24 06:39:01,,,1
2025-03-24 06:39:03,25.7,29,1
2025-03-24 06:39:06,25.7,29,1
2025-03-24 06:39:08,25.7,29,1
2025-03-24 06:39:10,25.7,29,1
2025-03-24 06:39:12,25.7,29,1
2025-03-24 06:39:15,25.7,29,1
2025-03-24 06:39:17,25.7,29,1
2025-03-24 06:39:19,25.7,29,1
2025-03-24 06:39:21,,,1
2025-03-24 06:39:24,25.7,29,1
2025-03-24 06:39:26,25.6,29,1
2025-03-24 06:39:28,,,1
2025-03-24 06:39:30,25.7,29,1
2025-03-24 06:39:33,25.6,29,1
2025-03-24 06:39:35,25.7,29,1
2025-03-24 06:39:37,25.7,29,1
2025-03-24 06:39:39,25.7,29,1
2025-03-24 06:39:42,25.7,29,1
2025-03-24 06:39:44,25.6,29,1
2025-03-24 06:39:46,25.6,29,1
2025-03-24 06:39:48,25.6,29,1
2025-03-24 06:39:51,25.6,29,1
2025-03-24 06:39:53,25.6,29,1
2025-03-24 06:39:55,25.7,29,1
2025-03-24 06:39:57,25.6,29,1
2025-03-24 06:40:00,25.6,29,1
2025-03-24 06:40:02,25.6,29,1
2025-03-24 06:40:04,25.6,29,1
2025-03-24 06:40:06,25.6,29,1
2025-03-24 06:40:09,25.6,29,1
2025-03-24 06:40:11,25.6,29,1
2025-03-24 06:40:13,25.6,29,1
2025-03-24 06:40:15,25.6,29,1
2025-03-24 06:40:18,25.6,29,1
2025-03-24 06:40:20,,,1
2025-03-24 06:40:22,25.6,29,1
2025-03-24 06:40:24,25.6,29,1
2025-03-24 06:40:27,25.6,29,1
2025-03-24 06:40:29,25.6,29,1
2025-03-24 06:40:31,25.6,29,1
2025-03-24 06:40:33,25.6,29,1
2025-03-24 06:40:36,25.6,29,1
2025-03-24 06:40:38,25.6,29,1
2025-03-24 06:40:40,25.6,29,1
2025-03-24 06:40:43,25.6,29,1
2025-03-24 06:40:45,25.6,29,1
2025-03-24 06:40:47,25.6,29,1
2025-03-24 06:40:49,25.6,29,1
2025-03-24 06:40:52,25.6,29,1
2025-03-24 06:40:54,25.6,29,1
2025-03-24 06:40:56,25.6,29,1
2025-03-24 06:40:58,25.6,29,1
2025-03-24 06:41:01,25.6,29,1
2025-03-24 06:41:03,25.6,29,1
2025-03-24 06:41:05,25.6,29,1
2025-03-24 06:41:07,25.6,29,1
2025-03-24 06:41:10,25.6,29,1
2025-03-24 06:41:12,25.6,29,1
2025-03-24 06:41:14,25.6,29,1
2025-03-24 06:41:16,,,1
2025-03-24 06:41:19,25.5,29,1
2025-03-24 06:41:21,25.5,29,1
2025-03-24 06:41:23,,,1
2025-03-24 06:41:25,25.6,29,1
2025-03-24 06:41:28,25.5,29,1
2025-03-24 06:41:30,25.5,29,1
2025-03-24 06:41:32,25.5,29,1
2025-03-24 06:41:34,25.6,29,1
2025-03-24 06:41:37,25.5,29,1
2025-03-24 06:41:39,25.5,29,1
2025-03-24 06:41:41,25.5,29,1
2025-03-24 06:41:43,25.5,29,1
2025-03-24 06:41:46,25.5,29,1
2025-03-24 06:41:48,25.5,29,1
2025-03-24 06:41:50,25.5,29,1
2025-03-24 06:41:52,25.5,29,1
2025-03-24 06:41:55,25.5,29,1
2025-03-24 06:41:57,25.5,29,1
2025-03-24 06:41:59,25.5,29,1
2025-03-24 06:42:01,25.5,29,1
2025-03-24 06:42:04,25.5,29,1
2025-03-24 06:42:06,25.5,29,1
2025-03-24 06:42:08,25.5,29,1
2025-03-24 06:42:10,,,1
2025-03-24 06:42:13,25.5,29,1
2025-03-24 06:42:15,25.5,29,1
2025-03-24 06:42:17,25.5,29,1
2025-03-24 06:42:19,25.5,29,1
2025-03-24 06:42:22,25.5,29,1
2025-03-24 06:42:24,25.5,29,1
2025-03-24 06:42:26,25.5,29,1
2025-03-24 06:42:28,25.5,29,1
2025-03-24 06:42:31,,,1
2025-03-24 06:42:33,25.5,29,1
2025-03-24 06:42:35,25.5,29,1
2025-03-24 06:42:38,25.4,29,1
2025-03-24 06:42:40,25.5,29,1
2025-03-24 06:42:42,25.5,29,1
2025-03-24 06:42:44,25.5,29,1
2025-03-24 06:42:47,25.4,29,1
2025-03-24 06:42:49,25.5,29,1
2025-03-24 06:42:51,25.5,29,1
2025-03-24 06:42:53,25.5,29,1
2025-03-24 06:42:56,25.4,29,1
2025-03-24 06:42:58,25.4,29,1
2025-03-24 06:43:00,25.4,29,1
2025-03-24 06:43:02,25.4,29,1
2025-03-24 06:43:05,25.4,29,1
2025-03-24 06:43:07,25.4,29,1
2025-03-24 06:43:09,25.4,29,1
2025-03-24 06:43:11,25.4,29,1
2025-03-24 06:43:14,25.4,29,1
2025-03-24 06:43:16,25.4,29,1
2025-03-24 06:43:18,,,1
2025-03-24 06:43:20,25.4,29,1
2025-03-24 06:43:23,25.4,29,1
2025-03-24 06:43:25,25.4,29,1
2025-03-24 06:43:27,25.4,29,1
2025-03-24 06:43:29,25.4,29,1
2025-03-24 06:43:32,,,1
2025-03-24 06:43:34,25.4,29,1
2025-03-24 06:43:36,25.4,29,1
2025-03-24 06:43:38,,,1
2025-03-24 06:43:41,25.4,29,1
2025-03-24 06:43:43,25.4,29,1
2025-03-24 06:43:45,25.4,29,1
2025-03-24 06:43:47,25.4,29,1
2025-03-24 06:43:50,25.4,29,1
2025-03-24 06:43:52,25.4,29,1
2025-03-24 06:43:54,25.4,29,1
2025-03-24 06:43:56,25.4,29,1
2025-03-24 06:43:59,25.4,29,1
2025-03-24 06:44:01,25.4,29,1
2025-03-24 06:44:03,25.4,29,1
2025-03-24 06:44:05,,,1
2025-03-24 06:44:08,25.4,29,1
2025-03-24 06:44:10,25.4,29,1
2025-03-24 06:44:12,,,1
2025-03-24 06:44:14,25.4,29,1
2025-03-24 06:44:17,25.4,29,1
2025-03-24 06:44:19,25.4,29,1
2025-03-24 06:44:21,25.4,29,1
2025-03-24 06:44:23,25.4,29,1
2025-03-24 06:44:26,25.4,29,1
2025-03-24 06:44:28,25.4,29,1
2025-03-24 06:44:30,25.4,29,1
2025-03-24 06:44:32,25.4,29,1
2025-03-24 06:44:35,25.4,29,1
2025-03-24 06:44:37,25.4,29,1
2025-03-24 06:44:39,25.4,29,1
2025-03-24 06:44:42,25.4,29,1
2025-03-24 06:44:44,25.4,29,1
2025-03-24 06:44:46,25.4,29,1
2025-03-24 06:44:48,25.4,29,1
2025-03-24 06:44:51,25.4,29,1
2025-03-24 06:44:53,25.4,29,1
2025-03-24 06:44:55,25.4,29,1
2025-03-24 06:44:57,25.4,29,1
2025-03-24 06:45:00,25.4,29,1
2025-03-24 06:45:02,25.4,29,1
2025-03-24 06:45:04,25.4,29,1
2025-03-24 06:45:06,25.4,29,1
2025-03-24 06:45:09,25.4,29,1
2025-03-24 06:45:11,25.4,29,1
2025-03-24 06:45:13,25.4,29,1
2025-03-24 06:45:15,25.4,29,1
2025-03-24 06:45:18,25.4,29,1
2025-03-24 06:45:20,25.4,29,1
2025-03-24 06:45:22,25.4,29,1
2025-03-24 06:45:24,25.4,29,1
2025-03-24 06:45:27,25.4,29,1
2025-03-24 06:45:29,25.4,29,1
2025-03-24 06:45:31,25.4,29,1
2025-03-24 06:45:33,25.4,29,1
2025-03-24 06:45:36,25.4,29,1
2025-03-24 06:45:38,25.3,29,1
2025-03-24 06:45:40,25.4,29,1
2025-03-24 06:45:42,25.4,29,1
2025-03-24 06:45:45,25.4,29,1
2025-03-24 06:45:47,25.4,29,1
2025-03-24 06:45:49,25.4,29,1
2025-03-24 06:45:51,25.4,29,1
2025-03-24 06:45:54,25.3,29,1
2025-03-24 06:45:56,25.4,29,1
2025-03-24 06:45:58,25.3,29,1
2025-03-24 06:46:00,25.4,29,1
2025-03-24 06:46:03,25.3,29,1
2025-03-24 06:46:05,25.3,29,1
2025-03-24 06:46:07,25.4,29,1
2025-03-24 06:46:09,25.4,29,1
2025-03-24 06:46:12,25.3,29,1
2025-03-24 06:46:14,25.3,29,1
2025-03-24 06:46:16,25.3,29,1
2025-03-24 06:46:18,25.3,29,1
2025-03-24 06:46:21,,,1
2025-03-24 06:46:23,25.3,29,1
2025-03-24 06:46:25,25.3,29,1
2025-03-24 06:46:27,,,1
2025-03-24 06:46:30,25.3,29,1
2025-03-24 06:46:32,25.3,29,1
2025-03-24 06:46:34,25.3,29,1
2025-03-24 06:46:36,25.3,29,1
2025-03-24 06:46:39,25.3,29,1
2025-03-24 06:46:41,25.3,29,1
2025-03-24 06:46:43,25.3,29,1
2025-03-24 06:46:46,25.3,29,1
2025-03-24 06:46:48,25.3,29,1
2025-03-24 06:46:50,25.3,29,1
2025-03-24 06:46:52,25.3,29,1
2025-03-24 06:46:55,25.3,29,1
2025-03-24 06:46:57,25.3,29,1
2025-03-24 06:46:59,25.3,29,1
2025-03-24 06:47:01,25.3,29,1
2025-03-24 06:47:04,25.3,29,1
2025-03-24 06:47:06,25.3,29,1
2025-03-24 06:47:08,25.3,29,1
2025-03-24 06:47:10,25.3,29,1
2025-03-24 06:47:13,25.3,29,1
2025-03-24 06:47:15,,,1
2025-03-24 06:47:17,25.3,29,1
2025-03-24 06:47:19,25.3,29,1
2025-03-24 06:47:22,25.3,29,1
2025-03-24 06:47:24,25.3,29,1
2025-03-24 06:47:26,25.3,29,1
2025-03-24 06:47:28,25.3,29,1
2025-03-24 06:47:31,25.3,29,1
2025-03-24 06:47:33,25.3,29,1
2025-03-24 06:47:35,25.3,29,1
2025-03-24 06:47:37,25.3,29,1
2025-03-24 06:47:40,25.3,29,1
2025-03-24 06:51:47,25.3,29,1
2025-03-24 06:51:49,25.0,29,1
2025-03-24 06:51:51,25.0,29,1
2025-03-24 06:51:54,25.0,29,1
2025-03-24 06:51:56,25.0,29,1
2025-03-24 06:51:58,25.0,29,1
2025-03-24 06:52:00,25.0,29,1
2025-03-24 06:52:03,25.0,29,1
2025-03-24 06:52:05,25.0,29,1
2025-03-24 06:52:07,25.0,29,1
2025-03-24 06:52:09,25.0,29,1
2025-03-24 06:52:12,25.0,29,1
2025-03-24 06:52:14,25.0,29,1
2025-03-24 06:52:16,25.0,29,1
2025-03-24 06:52:18,25.1,29,1
2025-03-24 06:52:21,25.1,29,1
2025-03-24 06:52:23,25.1,29,1
2025-03-24 06:52:25,25.0,29,1
2025-03-24 06:52:27,25.1,29,1
2025-03-24 06:52:30,25.1,29,1
2025-03-24 06:52:32,25.0,29,1
2025-03-24 06:52:34,25.1,29,1
2025-03-24 06:52:36,25.1,29,1
2025-03-24 06:52:39,25.0,29,1
2025-03-24 06:52:41,,,1
2025-03-24 06:52:43,25.1,29,1
2025-03-24 06:52:46,25.1,29,1
2025-03-24 06:52:48,25.1,29,1
2025-03-24 06:52:50,25.1,29,1
2025-03-24 06:52:52,25.1,29,1
2025-03-24 06:52:55,25.0,29,1
2025-03-24 06:52:57,25.1,29,1
2025-03-24 06:52:59,25.1,29,1
2025-03-24 06:53:01,25.1,29,1
2025-03-24 06:53:04,25.1,29,1
2025-03-24 06:53:06,25.1,29,1
2025-03-24 06:53:08,,,1
2025-03-24 06:53:10,25.1,29,1
2025-03-24 06:53:13,25.1,29,1
2025-03-24 06:53:15,25.1,29,1
2025-03-24 06:53:17,25.1,29,1
2025-03-24 06:53:19,25.1,29,1
2025-03-24 06:53:22,25.1,29,1
2025-03-24 06:53:24,25.1,29,1
2025-03-24 06:53:26,25.1,29,1
2025-03-24 06:53:28,25.1,29,1
2025-03-24 06:53:31,25.1,29,1
2025-03-24 06:53:33,25.1,29,1
2025-03-24 06:53:35,25.1,29,1
2025-03-24 06:53:37,25.1,29,1
2025-03-24 06:53:40,25.1,29,1
2025-03-24 06:53:42,25.1,29,1
2025-03-24 06:53:44,25.1,29,1
2025-03-24 06:53:46,25.0,29,1
2025-03-24 06:53:49,25.1,29,1
2025-03-24 06:53:51,25.0,29,1
2025-03-24 06:53:53,25.1,29,1
2025-03-24 06:53:55,25.0,29,1
2025-03-24 06:53:58,25.0,29,1
2025-03-24 06:54:00,25.1,29,1
2025-03-24 06:54:02,25.0,29,1
2025-03-24 06:54:04,25.0,29,1
2025-03-24 06:54:07,25.0,29,1
2025-03-24 06:54:09,25.0,29,1
2025-03-24 06:54:11,25.0,29,1
2025-03-24 06:54:13,25.0,29,1
2025-03-24 06:54:16,25.0,29,1
2025-03-24 06:54:18,25.0,29,1
2025-03-24 06:54:20,25.0,29,1
2025-03-24 06:54:22,25.0,29,1
2025-03-24 06:54:25,,,1
2025-03-24 06:54:27,25.1,29,1
2025-03-24 06:54:29,25.0,29,1
2025-03-24 06:54:31,25.0,29,1
2025-03-24 06:54:34,25.0,29,1
2025-03-24 06:54:36,,,1
2025-03-24 06:54:38,25.0,29,1
2025-03-24 06:54:40,25.0,29,1
2025-03-24 06:54:43,25.0,29,1
2025-03-24 06:54:45,25.0,29,1
2025-03-24 06:54:47,,,1
2025-03-24 06:54:50,25.0,29,1
2025-03-24 06:54:52,25.0,29,1
2025-03-24 06:54:54,25.0,29,1
2025-03-24 06:54:56,25.0,29,1
2025-03-24 06:54:59,25.0,29,1
2025-03-24 06:55:01,25.0,29,1
2025-03-24 06:55:03,25.0,29,1
2025-03-24 06:55:05,25.0,29,1
2025-03-24 06:55:08,25.0,29,1
2025-03-24 06:55:10,25.0,29,1
2025-03-24 06:55:12,25.0,29,1
2025-03-24 06:55:14,25.0,29,1
2025-03-24 06:55:17,25.0,29,1
2025-03-24 06:55:19,25.0,29,1
2025-03-24 06:55:21,25.0,29,1
2025-03-24 06:55:23,25.0,29,1
2025-03-24 06:55:26,25.0,29,1
2025-03-24 06:55:28,25.0,29,1
2025-03-24 06:55:30,25.0,29,1
2025-03-24 06:55:32,25.0,29,1
2025-03-24 06:55:35,25.0,29,1
2025-03-24 06:55:37,25.0,29,1
2025-03-24 06:55:39,25.0,29,1
2025-03-24 06:55:41,25.0,29,1
2025-03-24 06:55:44,,,1
2025-03-24 06:55:46,25.0,29,1
2025-03-24 06:55:48,25.0,29,1
2025-03-24 06:55:50,,,1
2025-03-24 06:55:53,25.0,29,1
2025-03-24 06:55:55,25.0,29,1
2025-03-24 06:55:57,25.0,29,1
2025-03-24 06:55:59,25.0,29,1
2025-03-24 06:56:02,25.0,29,1
2025-03-24 06:56:04,25.0,29,1
2025-03-24 06:56:06,25.0,29,1
2025-03-24 06:56:08,25.0,29,1
2025-03-24 06:56:11,25.0,29,1
2025-03-24 06:56:13,25.0,29,1
2025-03-24 06:56:15,25.0,29,1
2025-03-24 06:56:17,25.0,29,1
2025-03-24 06:56:20,25.0,29,1
2025-03-24 06:56:22,25.1,29,1
2025-03-24 06:56:24,25.0,29,1
2025-03-24 06:56:26,25.0,29,1
2025-03-24 06:56:29,25.0,29,1
2025-03-24 06:56:31,25.0,29,1
2025-03-24 06:56:33,25.0,29,1
2025-03-24 06:56:35,25.0,29,1
2025-03-24 06:56:38,25.0,29,1
2025-03-24 06:56:40,25.0,29,1
2025-03-24 06:56:42,25.0,29,1
2025-03-24 06:56:45,25.0,29,1
2025-03-24 06:56:47,25.0,29,1
2025-03-24 06:56:49,25.1,29,1
2025-03-24 06:56:51,25.0,29,1
2025-03-24 06:56:54,25.0,29,1
2025-03-24 06:56:56,25.1,29,1
2025-03-24 06:56:58,25.1,29,1
2025-03-24 06:57:00,25.0,29,1
2025-03-24 06:57:03,25.0,29,1
2025-03-24 06:57:05,25.0,29,1
2025-03-24 06:57:07,25.0,29,1
2025-03-24 06:57:09,25.0,29,1
2025-03-24 06:57:12,25.0,29,1
2025-03-24 06:57:14,25.0,29,1
2025-03-24 06:57:16,25.0,29,1
2025-03-24 06:57:18,25.0,29,1
2025-03-24 06:57:21,25.0,29,1
2025-03-24 06:57:23,25.0,29,1
2025-03-24 06:57:25,25.0,29,1
2025-03-24 06:57:27,25.0,29,1
2025-03-24 06:57:30,25.0,29,1
2025-03-24 06:57:32,25.0,29,1
2025-03-24 06:57:34,25.0,29,1
2025-03-24 06:57:36,,,1
2025-03-24 06:57:39,25.0,29,1
2025-03-24 06:57:41,25.0,29,1
2025-03-24 06:57:43,25.0,29,1
2025-03-24 06:57:45,25.0,29,1
2025-03-24 06:57:48,25.0,29,1
2025-03-24 06:57:50,25.0,29,1
2025-03-24 06:57:52,25.0,29,1
2025-03-24 06:57:54,25.0,29,1
2025-03-24 06:57:57,,,1
2025-03-24 06:57:59,25.0,29,1
2025-03-24 06:58:01,25.0,29,1
2025-03-24 06:58:03,25.0,29,1
2025-03-24 06:58:06,25.0,29,1
2025-03-24 06:58:08,25.0,29,1
2025-03-24 06:58:10,25.0,29,1
2025-03-24 06:58:12,25.0,29,1
2025-03-24 06:58:15,25.0,29,1
2025-03-24 06:58:17,25.0,29,1
2025-03-24 06:58:19,25.0,29,1
2025-03-24 06:58:21,25.0,29,1
2025-03-24 06:58:24,25.0,29,1
2025-03-24 06:58:26,25.0,29,1
2025-03-24 06:58:28,25.0,29,1
2025-03-24 06:58:30,25.0,29,1
2025-03-24 06:58:33,25.0,29,1
2025-03-24 06:58:35,25.0,29,1
2025-03-24 06:58:37,25.0,29,1
2025-03-24 06:58:39,25.0,29,1
2025-03-24 06:58:42,,,1
2025-03-24 06:58:44,25.0,29,1
2025-03-24 06:58:46,25.0,29,1
2025-03-24 06:58:48,25.0,29,1
2025-03-24 06:58:51,25.0,29,1
2025-03-24 06:58:53,25.0,29,1
2025-03-24 06:58:55,25.0,29,1
2025-03-24 06:58:58,25.0,29,1
2025-03-24 06:59:00,25.0,29,1
2025-03-24 06:59:02,25.0,29,1
2025-03-24 06:59:04,25.0,29,1
2025-03-24 06:59:07,25.0,29,1
2025-03-24 06:59:09,25.0,29,1
2025-03-24 06:59:11,25.0,29,1
2025-03-24 06:59:13,25.0,29,1
2025-03-24 06:59:16,,,1
2025-03-24 06:59:18,25.0,29,1
2025-03-24 06:59:20,25.0,29,1
2025-03-24 06:59:22,,,1
2025-03-24 06:59:25,25.0,29,1
2025-03-24 06:59:27,25.0,29,1
2025-03-24 06:59:29,25.0,29,1
2025-03-24 06:59:31,25.0,29,1
2025-03-24 06:59:34,25.0,29,1
2025-03-24 06:59:36,25.0,29,1
2025-03-24 06:59:38,25.0,29,1
2025-03-24 06:59:40,25.0,29,1
2025-03-24 06:59:43,25.0,29,1
2025-03-24 06:59:45,25.0,29,1
2025-03-24 06:59:47,25.0,29,1
2025-03-24 06:59:49,,,1
2025-03-24 06:59:52,25.0,29,1
2025-03-24 06:59:54,25.0,29,1
2025-03-24 06:59:56,25.0,29,1
2025-03-24 06:59:58,25.0,29,1
2025-03-24 07:00:01,25.0,29,1
2025-03-24 07:00:03,,,1
2025-03-24 07:00:05,,,1
2025-03-24 07:00:07,25.0,29,1
2025-03-24 07:00:10,25.0,29,1
2025-03-24 07:00:12,25.0,29,1
2025-03-24 07:00:14,25.0,29,1
2025-03-24 07:00:17,25.0,29,1
2025-03-24 07:00:19,25.0,29,1
2025-03-24 07:00:21,25.0,29,1
2025-03-24 07:00:23,25.0,29,1
2025-03-24 07:00:26,25.0,29,1
2025-03-24 07:00:28,25.0,29,1
2025-03-24 07:00:30,25.0,29,1
2025-03-24 07:00:32,25.0,29,1
2025-03-24 07:00:35,25.1,29,1
2025-03-24 07:00:37,25.1,29,1
2025-03-24 07:00:39,25.0,29,1
2025-03-24 07:00:41,25.1,29,1
2025-03-24 07:00:44,,,1
2025-03-24 07:00:46,25.1,29,1
2025-03-24 07:00:48,25.1,29,1
2025-03-24 07:00:51,25.1,29,1
2025-03-24 07:00:53,25.1,29,1
2025-03-24 07:00:55,25.1,29,1
2025-03-24 07:00:57,25.1,29,1
2025-03-24 07:01:00,25.1,29,1
2025-03-24 07:01:02,25.1,29,1
2025-03-24 07:01:04,25.1,29,1
2025-03-24 07:01:06,25.1,29,1
2025-03-24 07:01:09,25.1,29,1
2025-03-24 07:01:11,25.1,29,1
2025-03-24 07:01:13,25.1,29,1
2025-03-24 07:01:15,25.1,29,1
2025-03-24 07:01:18,25.1,29,1
2025-03-24 07:01:20,25.1,29,1
2025-03-24 07:01:22,25.1,29,1
2025-03-24 07:01:24,25.1,29,1
2025-03-24 07:01:27,25.1,29,1
2025-03-24 07:01:29,25.1,29,1
2025-03-24 07:01:31,25.1,29,1
2025-03-24 07:01:33,25.1,29,1
2025-03-24 07:01:36,25.1,29,1
2025-03-24 07:01:38,25.1,29,1
2025-03-24 07:01:40,25.2,29,1
2025-03-24 07:01:43,25.1,29,1
2025-03-24 07:01:45,25.1,29,1
2025-03-24 07:01:47,25.1,29,1
2025-03-24 07:01:49,25.1,29,1
2025-03-24 07:01:52,25.1,29,1
2025-03-24 07:01:54,25.1,29,1
2025-03-24 07:01:56,25.1,29,1
2025-03-24 07:01:58,25.1,29,1
2025-03-24 07:02:01,25.2,29,1
2025-03-24 07:02:03,25.2,29,1
2025-03-24 07:02:05,25.2,29,1
2025-03-24 07:02:07,25.2,29,1
2025-03-24 07:02:10,25.1,29,1
2025-03-24 07:02:12,25.1,29,1
2025-03-24 07:02:14,25.2,29,1
2025-03-24 07:02:16,25.2,29,1
2025-03-24 07:02:19,25.2,29,1
2025-03-24 07:02:21,25.2,29,1
2025-03-24 07:02:23,25.2,29,1
2025-03-24 07:02:25,25.2,29,1
2025-03-24 07:02:28,25.2,29,1
2025-03-24 07:02:30,25.2,29,1
2025-03-24 07:02:32,25.2,29,1
2025-03-24 07:02:34,25.2,29,1
2025-03-24 07:02:37,25.2,29,1
2025-03-24 07:02:39,25.2,29,1
2025-03-24 07:02:41,25.2,29,1
2025-03-24 07:02:43,25.2,29,1
2025-03-24 07:02:46,25.2,29,1
2025-03-24 07:02:48,25.2,29,1
2025-03-24 07:02:50,25.2,29,1
2025-03-24 07:02:52,25.2,29,1
2025-03-24 07:02:55,25.2,29,1
2025-03-24 07:02:57,25.2,29,1
2025-03-24 07:02:59,25.2,29,1
2025-03-24 07:03:01,25.2,29,1
2025-03-24 07:03:04,25.2,29,1
2025-03-24 07:03:06,25.2,29,1
2025-03-24 07:03:08,25.2,29,1
2025-03-24 07:03:10,25.2,29,1
2025-03-24 07:03:13,25.2,29,1
2025-03-24 07:03:15,25.2,29,1
2025-03-24 07:03:17,25.2,29,1
2025-03-24 07:03:19,25.2,29,1
2025-03-24 07:03:22,25.2,29,1
2025-03-24 07:03:24,,,1
2025-03-24 07:03:26,25.2,29,1
2025-03-24 07:03:28,25.2,29,1
2025-03-24 07:03:31,25.2,29,1
2025-03-24 07:03:33,25.2,29,1
2025-03-24 07:03:35,25.2,29,1
2025-03-24 07:03:37,25.2,29,1
2025-03-24 07:03:40,25.2,29,1
2025-03-24 07:03:42,25.2,29,1
2025-03-24 07:03:44,25.2,29,1
2025-03-24 07:03:47,25.2,29,1
2025-03-24 07:03:49,25.2,29,1
2025-03-24 07:03:51,25.2,29,1
2025-03-24 07:03:53,25.2,29,1
2025-03-24 07:03:56,25.2,29,1
2025-03-24 07:03:58,,,1
2025-03-24 07:04:00,25.3,29,1
2025-03-24 07:04:02,25.3,29,1
2025-03-24 07:04:05,25.2,29,1
2025-03-24 07:04:07,25.2,29,1
2025-03-24 07:04:09,25.2,29,1
2025-03-24 07:04:11,25.3,29,1
2025-03-24 07:04:14,25.2,29,1
2025-03-24 07:04:16,25.2,29,1
2025-03-24 07:04:18,25.3,29,1
2025-03-24 07:04:20,25.3,29,1
2025-03-24 07:04:23,25.3,29,1
2025-03-24 07:04:25,25.3,29,1
2025-03-24 07:04:27,25.3,29,1
2025-03-24 07:04:29,25.3,29,1
2025-03-24 07:04:32,25.3,29,1
2025-03-24 07:04:34,25.3,29,1
2025-03-24 07:04:36,25.3,29,1
2025-03-24 07:04:38,25.3,29,1
2025-03-24 07:04:41,25.3,29,1
2025-03-24 07:04:43,25.3,29,1
2025-03-24 07:04:45,25.3,29,1
2025-03-24 07:04:47,25.3,29,1
2025-03-24 07:04:50,25.3,29,1
2025-03-24 07:04:52,25.3,29,1
2025-03-24 07:04:54,25.3,29,1
2025-03-24 07:04:56,25.3,29,1
2025-03-24 07:04:59,25.3,29,1
2025-03-24 07:05:01,25.3,29,1
2025-03-24 07:05:03,25.3,29,1
2025-03-24 07:05:05,25.3,29,1
2025-03-24 07:05:08,25.3,29,1
2025-03-24 07:05:10,25.3,29,1
2025-03-24 07:05:12,25.3,29,1
2025-03-24 07:05:14,25.3,29,1
2025-03-24 07:05:17,25.3,29,1
2025-03-24 07:05:19,25.3,29,1
2025-03-24 07:05:21,25.3,29,1
2025-03-24 07:05:23,25.3,29,1
2025-03-24 07:05:26,25.3,29,1
2025-03-24 07:05:28,,,1
2025-03-24 07:05:30,25.3,29,1
2025-03-24 07:05:32,25.3,29,1
2025-03-24 07:05:35,25.3,29,1
2025-03-24 07:05:37,25.3,29,1
2025-03-24 07:05:39,25.3,29,1
2025-03-24 07:05:42,25.4,29,1
2025-03-24 07:05:44,25.3,29,1
2025-03-24 07:05:46,25.3,29,1
2025-03-24 07:05:48,25.4,29,1
2025-03-24 07:05:51,25.3,29,1
2025-03-24 07:05:53,,,1
2025-03-24 07:05:55,25.3,29,1
2025-03-24 07:05:57,25.4,29,1
2025-03-24 07:06:00,25.3,29,1
2025-03-24 07:06:02,25.4,29,1
2025-03-24 07:06:04,25.4,29,1
2025-03-24 07:06:06,25.3,29,1
2025-03-24 07:06:09,25.3,29,1
2025-03-24 07:06:11,25.4,29,1
2025-03-24 07:06:13,25.4,29,1
2025-03-24 07:06:15,25.4,29,1
2025-03-24 07:06:18,25.4,29,1
2025-03-24 07:06:20,25.4,29,1
2025-03-24 07:06:22,25.4,29,1
2025-03-24 07:06:24,25.4,29,1
2025-03-24 07:06:27,25.4,29,1
2025-03-24 07:06:29,25.4,29,1
2025-03-24 07:06:31,25.4,29,1
2025-03-24 07:06:33,25.4,29,1
2025-03-24 07:06:36,25.4,29,1
2025-03-24 07:06:38,25.4,29,1
2025-03-24 07:06:40,25.4,29,1
2025-03-24 07:06:42,25.4,29,1
2025-03-24 07:06:45,25.4,29,1
2025-03-24 07:06:47,25.4,29,1
2025-03-24 07:06:49,,,1
2025-03-24 07:06:51,25.4,29,1
2025-03-24 07:06:54,25.4,29,1
2025-03-24 07:06:56,25.4,29,1
2025-03-24 07:06:58,25.4,29,1
2025-03-24 07:07:00,25.4,29,1
2025-03-24 07:07:03,25.4,29,1
2025-03-24 07:07:05,25.4,29,1
2025-03-24 07:07:07,25.4,29,1
2025-03-24 07:07:09,25.4,29,1
2025-03-24 07:07:12,25.4,29,1
2025-03-24 07:07:14,25.4,29,1
2025-03-24 07:07:16,25.4,29,1
2025-03-24 07:07:19,25.4,29,1
2025-03-24 07:07:21,25.4,29,1
2025-03-24 07:07:23,25.4,29,1
2025-03-24 07:07:25,25.4,29,1
2025-03-24 07:07:28,25.4,29,1
2025-03-24 07:07:30,25.4,29,1
2025-03-24 07:07:32,25.4,29,1
2025-03-24 07:07:34,25.4,29,1
2025-03-24 07:07:37,25.4,29,1
2025-03-24 07:07:39,25.4,29,1
2025-03-24 07:07:41,25.4,29,1
2025-03-24 07:07:43,25.4,29,1
2025-03-24 07:07:46,25.4,29,1
2025-03-24 07:07:48,25.4,29,1
2025-03-24 07:07:50,25.4,29,1
2025-03-24 07:07:52,25.4,29,1
2025-03-24 07:07:55,,,1
2025-03-24 07:07:57,25.4,29,1
2025-03-24 07:07:59,25.4,29,1
2025-03-24 07:08:01,25.4,29,1
2025-03-24 07:08:04,25.4,29,1
2025-03-24 07:08:06,25.4,29,1
2025-03-24 07:08:08,25.4,29,1
2025-03-24 07:08:10,25.4,29,1
2025-03-24 07:08:13,25.4,29,1
2025-03-24 07:08:15,25.4,29,1
2025-03-24 07:08:17,25.4,29,1
2025-03-24 07:08:19,25.4,29,1
2025-03-24 07:08:22,,,1
2025-03-24 07:08:24,,,1
2025-03-24 07:08:26,25.4,29,1
2025-03-24 07:08:28,,,1
2025-03-24 07:08:31,25.4,29,1
2025-03-24 07:08:33,25.4,29,1
2025-03-24 07:08:35,25.4,29,1
2025-03-24 07:08:37,25.4,29,1
2025-03-24 07:08:40,25.4,29,1
2025-03-24 07:08:42,25.4,29,1
2025-03-24 07:08:44,25.4,29,1
2025-03-24 07:08:46,25.4,29,1
2025-03-24 07:08:49,,,1
2025-03-24 07:08:51,25.4,29,1
2025-03-24 07:08:53,25.4,29,1
2025-03-24 07:08:55,25.4,29,1
2025-03-24 07:08:58,25.4,29,1
2025-03-24 07:09:00,25.4,29,1
2025-03-24 07:09:02,25.4,29,1
2025-03-24 07:09:04,25.4,29,1
2025-03-24 07:09:07,25.4,29,1
2025-03-24 07:09:09,25.5,29,1
2025-03-24 07:09:11,25.5,29,1
2025-03-24 07:09:14,25.4,29,1
2025-03-24 07:09:16,25.4,29,1
2025-03-24 07:09:18,25.4,29,1
2025-03-24 07:09:20,25.4,29,1
2025-03-24 07:09:23,25.4,29,1
2025-03-24 07:09:25,25.4,29,1
2025-03-24 07:09:27,25.4,29,1
2025-03-24 07:09:29,25.4,29,1
2025-03-24 07:09:32,25.4,29,1
2025-03-24 07:09:34,25.4,29,1
2025-03-24 07:09:36,25.4,29,1
2025-03-24 07:09:38,25.4,29,1
2025-03-24 07:09:41,25.4,29,1
2025-03-24 07:09:43,25.4,29,1
2025-03-24 07:09:45,25.4,29,1
2025-03-24 07:09:47,25.4,29,1
2025-03-24 07:09:50,25.4,29,1
2025-03-24 07:09:52,25.4,29,1
2025-03-24 07:09:54,25.4,29,1
2025-03-24 07:09:56,,,1
2025-03-24 07:09:59,25.4,29,1
2025-03-24 07:10:01,25.4,29,1
2025-03-24 07:10:03,,,1
2025-03-24 07:10:05,25.4,29,1
2025-03-24 07:10:08,25.4,29,1
2025-03-24 07:10:10,,,1
2025-03-24 07:10:12,25.4,29,1
2025-03-24 07:10:14,25.4,29,1
2025-03-24 07:10:17,25.4,29,1
2025-03-24 07:10:19,25.4,29,1
2025-03-24 07:10:21,25.4,29,1
2025-03-24 07:10:23,25.4,29,1
2025-03-24 07:10:26,25.4,29,1
2025-03-24 07:10:28,25.4,29,1
2025-03-24 07:10:30,25.4,29,1
2025-03-24 07:10:32,25.4,29,1
2025-03-24 07:10:35,25.4,29,1
2025-03-24 07:10:37,25.4,29,1
2025-03-24 07:10:39,25.4,29,1
2025-03-24 07:10:41,25.4,29,1
2025-03-24 07:10:44,25.4,29,1
2025-03-24 07:10:46,25.4,29,1
2025-03-24 07:10:48,25.4,29,1
2025-03-24 07:10:50,25.4,29,1
2025-03-24 07:10:53,25.4,29,1
2025-03-24 07:10:55,25.4,29,1
2025-03-24 07:10:57,25.4,29,1
2025-03-24 07:10:59,25.4,29,1
2025-03-24 07:11:02,25.4,29,1
2025-03-24 07:11:04,25.4,29,1
2025-03-24 07:11:06,25.4,29,1
2025-03-24 07:11:08,,,1
2025-03-24 07:11:11,25.4,29,1
2025-03-24 07:11:13,25.4,29,1
2025-03-24 07:11:15,25.4,29,1
2025-03-24 07:11:18,25.4,29,1
2025-03-24 07:11:20,25.4,29,1
2025-03-24 07:11:22,25.4,29,1
2025-03-24 07:11:24,25.4,29,1
2025-03-24 07:11:27,25.4,29,1
2025-03-24 07:11:29,25.4,29,1
2025-03-24 07:11:31,25.4,29,1
2025-03-24 07:11:33,25.4,29,1
2025-03-24 07:11:36,25.4,29,1
2025-03-24 07:11:38,,,1
2025-03-24 07:11:40,25.4,29,1
2025-03-24 07:11:42,25.4,29,1
2025-03-24 07:11:45,25.4,29,1
2025-03-24 07:11:47,25.4,29,1
2025-03-24 07:11:49,25.4,29,1
2025-03-24 07:11:51,25.4,29,1
2025-03-24 07:11:54,25.4,29,1
2025-03-24 07:11:56,25.4,29,1
2025-03-24 07:11:58,25.4,29,1
2025-03-24 07:12:00,25.4,29,1
2025-03-24 07:12:03,25.4,29,1
2025-03-24 07:12:05,25.4,29,1
2025-03-24 07:12:07,25.4,29,1
2025-03-24 07:12:09,25.4,29,1
2025-03-24 07:12:12,25.4,29,1
2025-03-24 07:12:14,25.4,29,1
2025-03-24 07:12:16,25.4,29,1
2025-03-24 07:12:18,,,1
2025-03-24 07:12:21,25.4,29,1
2025-03-24 07:12:23,25.4,29,1
2025-03-24 07:12:25,25.4,29,1
2025-03-24 07:12:27,25.4,29,1
2025-03-24 07:12:30,25.4,29,1
2025-03-24 07:12:32,,,1
2025-03-24 07:12:34,25.4,29,1
2025-03-24 07:12:36,25.4,29,1
2025-03-24 07:12:39,25.5,29,1
2025-03-24 07:12:41,25.4,29,1
2025-03-24 07:12:43,25.4,29,1
2025-03-24 07:12:45,25.4,29,1
2025-03-24 07:12:48,25.4,29,1
2025-03-24 07:12:50,25.4,29,1
2025-03-24 07:12:52,25.4,29,1
2025-03-24 07:12:54,25.4,29,1
2025-03-24 07:12:57,25.4,29,1
2025-03-24 07:12:59,25.4,29,1
2025-03-24 07:13:01,25.4,29,1
2025-03-24 07:13:03,25.4,29,1
2025-03-24 07:13:06,,,1
2025-03-24 07:13:08,25.4,29,1
2025-03-24 07:13:10,25.4,29,1
2025-03-24 07:13:12,,,1
2025-03-24 07:13:15,25.4,29,1
2025-03-24 07:13:17,25.4,29,1
2025-03-24 07:13:19,25.4,29,1
2025-03-24 07:13:22,25.4,29,1
2025-03-24 07:13:24,25.4,29,1
2025-03-24 07:13:26,25.4,29,1
2025-03-24 07:13:28,25.4,29,1
2025-03-24 07:13:31,25.4,29,1
2025-03-24 07:13:33,25.4,29,1
2025-03-24 07:13:35,25.4,29,1
2025-03-24 07:13:37,25.4,29,1
2025-03-24 07:13:40,,,1
2025-03-24 07:13:42,25.4,29,1
2025-03-24 07:13:44,25.4,29,1
2025-03-24 07:13:46,25.4,29,1
2025-03-24 07:13:49,25.4,29,1
2025-03-24 07:13:51,25.4,29,1
2025-03-24 07:13:53,25.4,29,1
2025-03-24 07:13:55,25.4,29,1
2025-03-24 07:13:58,25.4,29,1
2025-03-24 07:14:00,25.4,29,1
2025-03-24 07:14:02,25.4,29,1
2025-03-24 07:14:04,25.4,29,1
2025-03-24 07:14:07,,,1
2025-03-24 07:14:09,25.4,29,1
2025-03-24 07:14:11,25.4,29,1
2025-03-24 07:14:13,,,1
2025-03-24 07:14:16,25.4,29,1
2025-03-24 07:14:18,25.4,29,1
2025-03-24 07:14:20,25.4,29,1
2025-03-24 07:14:22,25.4,29,1
2025-03-24 07:14:25,25.4,29,1
2025-03-24 07:14:27,25.4,29,1
2025-03-24 07:14:29,25.4,29,1
2025-03-24 07:14:31,25.4,29,1
2025-03-24 07:14:34,25.4,29,1
2025-03-24 07:14:36,25.4,29,1
2025-03-24 07:14:38,25.4,29,1
2025-03-24 07:14:40,25.4,29,1
2025-03-24 07:14:43,25.4,29,1
2025-03-24 07:14:45,25.4,29,1
2025-03-24 07:14:47,25.4,29,1
2025-03-24 07:14:49,,,1
2025-03-24 07:14:52,25.4,29,1
2025-03-24 07:14:54,25.4,29,1
2025-03-24 07:14:56,25.4,29,1
2025-03-24 07:14:58,25.4,29,1
2025-03-24 07:15:01,25.4,29,1
2025-03-24 07:15:03,25.4,29,1
2025-03-24 07:15:05,25.4,29,1
2025-03-24 07:15:07,25.4,29,1
2025-03-24 07:15:10,25.4,29,1
2025-03-24 07:15:12,25.4,29,1
2025-03-24 07:15:14,25.4,29,1
2025-03-24 07:15:16,25.4,29,1
2025-03-24 07:15:19,25.4,29,1
2025-03-24 07:15:21,25.4,29,1
2025-03-24 07:15:23,25.4,29,1
2025-03-24 07:15:26,25.4,29,1
2025-03-24 07:15:28,,,1
2025-03-24 07:15:30,25.4,29,1
2025-03-24 07:15:32,25.4,29,1
2025-03-24 07:15:35,25.4,29,1
2025-03-24 07:15:37,25.4,29,1
2025-03-24 07:15:39,25.4,29,1
2025-03-24 07:15:41,25.4,29,1
2025-03-24 07:15:44,25.4,29,1
2025-03-24 07:15:46,25.4,29,1
2025-03-24 07:15:48,25.4,29,1
2025-03-24 07:15:50,25.4,29,1
2025-03-24 07:15:53,25.4,29,1
2025-03-24 07:15:55,25.4,29,1
2025-03-24 07:15:57,25.4,29,1
2025-03-24 07:15:59,25.4,29,1
2025-03-24 07:16:02,25.4,29,1
2025-03-24 07:16:04,25.4,29,1
2025-03-24 07:16:06,25.4,29,1
2025-03-24 07:16:08,25.4,29,1
2025-03-24 07:16:11,25.4,29,1
2025-03-24 07:16:13,25.4,29,1
2025-03-24 07:16:15,25.4,29,1
2025-03-24 07:16:17,25.4,29,1
2025-03-24 07:16:20,25.4,29,1
2025-03-24 07:16:22,25.4,29,1
2025-03-24 07:16:24,25.4,29,1
2025-03-24 07:16:26,25.4,29,1
2025-03-24 07:16:29,25.4,29,1
2025-03-24 07:16:31,25.4,29,1
2025-03-24 07:16:33,25.4,29,1
2025-03-24 07:16:35,25.4,29,1
2025-03-24 07:16:38,25.4,29,1
2025-03-24 07:16:40,25.4,29,1
2025-03-24 07:16:42,25.4,29,1
2025-03-24 07:16:44,25.4,29,1
2025-03-24 07:16:47,25.4,29,1
2025-03-24 07:16:49,25.4,29,1
2025-03-24 07:16:51,25.4,29,1
2025-03-24 07:16:53,25.4,29,1
2025-03-24 07:16:56,25.4,29,1
2025-03-24 07:16:58,25.4,29,1
2025-03-24 07:17:00,25.4,29,1
2025-03-24 07:17:02,25.4,29,1
2025-03-24 07:17:05,25.4,29,1
2025-03-24 07:17:07,25.4,29,1
2025-03-24 07:17:09,25.4,29,1
2025-03-24 07:17:11,25.4,29,1
2025-03-24 07:17:14,25.4,29,1
2025-03-24 07:17:16,25.4,29,1
2025-03-24 07:17:18,25.4,29,1
2025-03-24 07:17:20,25.4,29,1
2025-03-24 07:17:23,,,1
2025-03-24 07:17:25,25.4,29,1
2025-03-24 07:17:27,25.4,29,1
2025-03-24 07:17:30,,,1
2025-03-24 07:17:32,25.4,29,1
2025-03-24 07:17:34,25.4,29,1
2025-03-24 07:17:36,25.4,29,1
2025-03-24 07:17:39,25.4,29,1
2025-03-24 07:17:41,25.4,29,1
2025-03-24 07:17:43,25.4,29,1
2025-03-24 07:17:45,25.4,29,1
2025-03-24 07:17:48,25.4,29,1
2025-03-24 07:17:50,,,1
2025-03-24 07:17:52,25.4,29,1
2025-03-24 07:17:54,25.4,29,1
2025-03-24 07:17:57,25.4,29,1
2025-03-24 07:17:59,,,1
2025-03-24 07:18:01,25.4,29,1
2025-03-24 07:18:03,25.4,29,1
2025-03-24 07:18:06,25.4,29,1
2025-03-24 07:18:08,25.4,29,1
2025-03-24 07:18:10,25.4,29,1
2025-03-24 07:18:12,,,1
2025-03-24 07:18:15,25.4,29,1
2025-03-24 07:18:17,25.4,29,1
2025-03-24 07:18:19,25.4,29,1
2025-03-24 07:18:21,25.4,29,1
2025-03-24 07:18:24,25.4,29,1
2025-03-24 07:18:26,25.4,29,1
2025-03-24 07:18:28,25.4,29,1
2025-03-24 07:18:30,25.4,29,1
2025-03-24 07:18:33,25.4,29,1
2025-03-24 07:18:35,25.4,29,1
2025-03-24 07:18:37,25.4,29,1
2025-03-24 07:18:39,25.4,29,1
2025-03-24 07:18:42,25.4,29,1
2025-03-24 07:18:44,25.4,29,1
2025-03-24 07:18:46,25.4,29,1
2025-03-24 07:18:48,25.4,29,1
2025-03-24 07:18:51,25.4,29,1
2025-03-24 07:18:53,25.4,29,1
2025-03-24 07:18:55,25.4,29,1
2025-03-24 07:18:57,,,1
2025-03-24 07:19:00,25.4,29,1
2025-03-24 07:19:02,25.4,29,1
2025-03-24 07:19:04,25.4,29,1
2025-03-24 07:19:06,25.4,29,1
2025-03-24 07:19:09,25.4,29,1
2025-03-24 07:19:11,25.4,29,1
2025-03-24 07:19:13,25.4,29,1
2025-03-24 07:19:15,25.4,29,1
2025-03-24 07:19:18,25.4,29,1
2025-03-24 07:19:20,25.4,29,1
2025-03-24 07:19:22,25.4,29,1
2025-03-24 07:19:25,25.4,29,1
2025-03-24 07:19:27,25.4,29,1
2025-03-24 07:19:29,25.4,29,1
2025-03-24 07:19:31,25.4,29,1
2025-03-24 07:19:34,25.4,29,1
2025-03-24 07:19:36,25.4,29,1
2025-03-24 07:19:38,,,1
2025-03-24 07:19:40,25.4,29,1
2025-03-24 07:19:43,25.4,29,1
2025-03-24 07:19:45,,,1
2025-03-24 07:19:47,25.4,29,1
2025-03-24 07:19:49,25.4,29,1
2025-03-24 07:19:52,25.4,29,1
2025-03-24 07:19:54,25.4,29,1
2025-03-24 07:19:56,25.4,29,1
2025-03-24 07:19:58,25.4,29,1
2025-03-24 07:20:01,25.4,29,1
2025-03-24 07:20:03,25.4,29,1
2025-03-24 07:20:05,25.4,29,1
2025-03-24 07:20:07,25.4,29,1
2025-03-24 07:20:10,25.4,29,1
2025-03-24 07:20:12,25.4,29,1
2025-03-24 07:20:14,25.4,29,1
2025-03-24 07:20:16,25.4,29,1
2025-03-24 07:20:19,25.4,29,1
2025-03-24 07:20:21,25.4,29,1
2025-03-24 07:20:23,25.4,29,1
2025-03-24 07:20:25,25.4,29,1
2025-03-24 07:20:28,25.4,29,1
2025-03-24 07:20:30,,,1
2025-03-24 07:20:32,25.4,29,1
2025-03-24 07:20:34,25.4,29,1
2025-03-24 07:20:37,25.4,29,1
2025-03-24 07:20:39,25.4,29,1
2025-03-24 07:20:41,25.4,29,1
2025-03-24 07:20:43,25.4,29,1
2025-03-24 07:20:46,25.4,29,1
2025-03-24 07:20:48,25.4,29,1
2025-03-24 07:20:50,25.4,29,1
2025-03-24 07:20:52,25.4,29,1
2025-03-24 07:20:55,25.4,29,1
2025-03-24 07:20:57,25.4,29,1
2025-03-24 07:20:59,25.4,29,1
2025-03-24 07:21:01,25.4,29,1
2025-03-24 07:21:04,25.4,29,1
2025-03-24 07:21:06,25.4,29,1
2025-03-24 07:21:08,25.4,29,1
2025-03-24 07:21:10,25.4,29,1
2025-03-24 07:21:13,25.4,29,1
2025-03-24 07:21:15,25.4,29,1
2025-03-24 07:21:17,25.4,29,1
2025-03-24 07:21:20,25.4,29,1
2025-03-24 07:21:22,25.4,29,1
2025-03-24 07:21:24,25.4,29,1
2025-03-24 07:21:26,25.4,29,1
2025-03-24 07:21:29,25.4,29,1
2025-03-24 07:21:31,25.4,29,1
2025-03-24 07:21:33,25.4,29,1
2025-03-24 07:21:35,25.4,29,1
2025-03-24 07:21:38,25.4,29,1
2025-03-24 07:21:40,25.4,29,1
2025-03-24 07:21:42,25.4,29,1
2025-03-24 07:21:44,25.4,29,1
2025-03-24 07:21:47,25.4,29,1
2025-03-24 07:21:49,25.4,29,1
2025-03-24 07:21:51,25.4,29,1
2025-03-24 07:21:53,25.4,29,1
2025-03-24 07:21:56,25.4,29,1
2025-03-24 07:21:58,25.4,29,1
2025-03-24 07:22:00,25.4,29,1
2025-03-24 07:22:02,25.4,29,1
2025-03-24 07:22:05,25.4,29,1
2025-03-24 07:22:07,25.4,29,1
2025-03-24 07:22:09,25.4,29,1
2025-03-24 07:22:11,25.4,29,1
2025-03-24 07:22:14,25.4,29,1
2025-03-24 07:22:16,25.4,29,1
2025-03-24 07:22:18,25.4,29,1
2025-03-24 07:22:20,25.4,29,1
2025-03-24 07:22:23,25.4,29,1
2025-03-24 07:22:25,25.4,29,1
2025-03-24 07:22:27,25.4,29,1
2025-03-24 07:22:29,25.4,29,1
2025-03-24 07:22:32,25.4,29,1
2025-03-24 07:22:34,25.4,29,1
2025-03-24 07:22:36,25.4,29,1
2025-03-24 07:22:38,25.4,29,1
2025-03-24 07:22:41,25.4,29,1
2025-03-24 07:22:43,25.4,29,1
2025-03-24 07:22:45,25.4,29,1
2025-03-24 07:22:47,25.4,29,1
2025-03-24 07:22:50,25.4,29,1
2025-03-24 07:22:52,25.4,29,1
2025-03-24 07:22:54,25.4,29,1
2025-03-24 07:22:56,25.4,29,1
2025-03-24 07:22:59,25.4,29,1
2025-03-24 07:23:01,25.4,29,1
2025-03-24 07:23:03,25.4,29,1
2025-03-24 07:23:05,25.4,29,1
2025-03-24 07:23:08,25.4,29,1
2025-03-24 07:23:10,25.4,29,1
2025-03-24 07:23:12,25.4,29,1
2025-03-24 07:23:15,,,1
2025-03-24 07:23:17,25.4,29,1
2025-03-24 07:23:19,25.4,29,1
2025-03-24 07:23:21,25.4,29,1
2025-03-24 07:23:24,25.4,29,1
2025-03-24 07:23:26,25.4,29,1
2025-03-24 07:23:28,25.4,29,1
2025-03-24 07:23:30,25.4,29,1
2025-03-24 07:23:33,25.4,29,1
2025-03-24 07:23:35,25.4,29,1
2025-03-24 07:23:37,25.4,29,1
2025-03-24 07:23:39,25.4,29,1
2025-03-24 07:23:42,25.4,29,1
2025-03-24 07:23:44,25.4,29,1
2025-03-24 07:23:46,25.4,29,1
2025-03-24 07:23:48,25.4,29,1
2025-03-24 07:23:51,25.4,29,1
2025-03-24 07:23:53,25.4,29,1
2025-03-24 07:23:55,25.4,29,1
2025-03-24 07:23:57,25.4,29,1
2025-03-24 07:24:00,25.4,29,1
2025-03-24 07:24:02,25.4,29,1
2025-03-24 07:24:04,25.4,29,1
2025-03-24 07:24:06,25.4,29,1
2025-03-24 07:24:09,25.4,29,1
2025-03-24 07:24:11,25.4,29,1
2025-03-24 07:24:13,25.4,29,1
2025-03-24 07:24:15,25.4,29,1
2025-03-24 07:24:18,25.4,29,1
2025-03-24 07:24:20,25.4,29,1
2025-03-24 07:24:22,25.4,29,1
2025-03-24 07:24:24,25.4,29,1
2025-03-24 07:24:27,25.4,29,1
2025-03-24 07:24:29,25.4,29,1
2025-03-24 07:24:31,25.4,29,1
2025-03-24 07:24:33,25.4,29,1
2025-03-24 07:24:36,25.4,29,1
2025-03-24 07:24:38,25.4,29,1
2025-03-24 07:24:40,25.4,29,1
2025-03-24 07:24:42,25.4,29,1
2025-03-24 07:24:45,25.4,29,1
2025-03-24 07:24:47,,,1
2025-03-24 07:24:49,,,1
2025-03-24 07:24:52,,,1
2025-03-24 07:24:54,25.4,29,1
2025-03-24 07:24:56,25.4,29,1
2025-03-24 07:24:58,25.4,29,1
2025-03-24 07:25:01,25.4,29,1
2025-03-24 07:25:03,25.4,29,1
2025-03-24 07:25:05,25.4,29,1
2025-03-24 07:25:07,25.4,29,1
2025-03-24 07:25:10,25.4,29,1
2025-03-24 07:25:12,25.4,29,1
2025-03-24 07:25:14,25.4,29,1
2025-03-24 07:25:16,25.4,29,1
2025-03-24 07:25:19,25.4,29,1
2025-03-24 07:25:21,25.3,29,1
2025-03-24 07:25:23,25.4,29,1
2025-03-24 07:25:25,25.4,29,1
2025-03-24 07:25:28,25.4,29,1
2025-03-24 07:25:30,25.4,29,1
2025-03-24 07:25:32,25.4,29,1
2025-03-24 07:25:34,25.4,29,1
2025-03-24 07:25:37,25.4,29,1
2025-03-24 07:25:39,25.4,29,1
2025-03-24 07:25:41,,,1
2025-03-24 07:25:43,25.4,29,1
2025-03-24 07:25:46,25.4,29,1
2025-03-24 07:25:48,25.4,29,1
2025-03-24 07:25:50,25.4,29,1
2025-03-24 07:25:52,25.3,29,1
2025-03-24 07:25:55,25.4,29,1
2025-03-24 07:25:57,25.3,29,1
2025-03-24 07:25:59,25.3,29,1
2025-03-24 07:26:01,25.4,29,1
2025-03-24 07:26:04,25.3,29,1
2025-03-24 07:26:06,25.3,29,1
2025-03-24 07:26:08,25.4,29,1
2025-03-24 07:26:10,25.3,29,1
2025-03-24 07:26:13,25.4,29,1
2025-03-24 07:26:15,25.3,29,1
2025-03-24 07:26:17,25.4,29,1
2025-03-24 07:26:19,25.3,29,1
2025-03-24 07:26:22,25.4,29,1
2025-03-24 07:26:24,25.3,29,1
2025-03-24 07:26:26,25.4,29,1
2025-03-24 07:26:28,25.3,29,1
2025-03-24 07:26:31,25.4,29,1
2025-03-24 07:26:33,25.4,29,1
2025-03-24 07:26:35,25.4,29,1
2025-03-24 07:26:37,25.4,29,1
2025-03-24 07:26:40,25.4,29,1
2025-03-24 07:26:42,25.3,29,1
2025-03-24 07:26:44,25.3,29,1
2025-03-24 07:26:46,25.3,29,1
2025-03-24 07:26:49,25.4,29,1
2025-03-24 07:26:51,25.3,29,1
2025-03-24 07:26:53,25.4,29,1
2025-03-24 07:26:56,25.3,29,1
2025-03-24 07:26:58,25.4,29,1
2025-03-24 07:27:00,25.3,29,1
2025-03-24 07:27:02,,,1
2025-03-24 07:27:05,25.4,29,1
2025-03-24 07:27:07,25.4,29,1
2025-03-24 07:27:09,25.3,29,1
2025-03-24 07:27:11,25.4,29,1
2025-03-24 07:27:14,25.3,29,1
2025-03-24 07:27:16,25.4,29,1
2025-03-24 07:27:18,25.4,29,1
2025-03-24 07:27:20,25.3,29,1
2025-03-24 07:27:23,25.3,29,1
2025-03-24 07:27:25,25.4,29,1
2025-03-24 07:27:27,25.4,29,1
2025-03-24 07:27:29,25.4,29,1
2025-03-24 07:27:32,25.4,29,1
2025-03-24 07:27:34,25.4,29,1
2025-03-24 07:27:36,25.4,29,1
2025-03-24 07:27:38,25.4,29,1
2025-03-24 07:27:41,25.4,29,1
2025-03-24 07:27:43,25.4,29,1
2025-03-24 07:27:45,25.4,29,1
2025-03-24 07:27:47,25.4,29,1
2025-03-24 07:27:50,25.4,29,1
2025-03-24 07:27:52,25.4,29,1
2025-03-24 07:27:54,25.4,29,1
2025-03-24 07:27:56,25.4,29,1
2025-03-24 07:27:59,25.4,29,1
2025-03-24 07:28:01,25.4,29,1
2025-03-24 07:28:03,25.4,29,1
2025-03-24 07:28:05,25.4,29,1
2025-03-24 07:28:08,25.4,29,1
2025-03-24 07:28:10,25.4,29,1
2025-03-24 07:28:12,,,1
2025-03-24 07:28:14,25.4,29,1
2025-03-24 07:28:17,25.3,29,1
2025-03-24 07:28:19,25.4,29,1
2025-03-24 07:28:21,25.4,29,1
2025-03-24 07:28:23,25.4,29,1
2025-03-24 07:28:26,25.4,29,1
2025-03-24 07:28:28,25.4,29,1
2025-03-24 07:28:30,25.4,29,1
2025-03-24 07:28:32,25.4,29,1
2025-03-24 07:28:35,25.3,29,1
2025-03-24 07:28:37,25.4,29,1
2025-03-24 07:28:39,25.4,29,1
2025-03-24 07:28:41,25.4,29,1
2025-03-24 07:28:44,25.4,29,1
2025-03-24 07:28:46,25.3,29,1
2025-03-24 07:28:48,25.4,29,1
2025-03-24 07:28:50,25.4,29,1
2025-03-24 07:28:53,25.3,29,1
2025-03-24 07:28:55,25.3,29,1
2025-03-24 07:28:57,25.4,29,1
2025-03-24 07:29:00,,,1
2025-03-24 07:29:02,25.4,29,1
2025-03-24 07:29:04,25.4,29,1
2025-03-24 07:29:06,25.4,29,1
2025-03-24 07:29:09,25.4,29,1
2025-03-24 07:29:11,,,1
2025-03-24 07:29:13,25.4,29,1
2025-03-24 07:29:15,25.4,29,1
2025-03-24 07:29:18,25.4,29,1
2025-03-24 07:29:20,25.4,29,1
2025-03-24 07:29:22,25.4,29,1
2025-03-24 07:29:24,25.3,29,1
2025-03-24 07:29:27,25.4,29,1
2025-03-24 07:29:29,25.4,29,1
2025-03-24 07:29:31,25.4,29,1
2025-03-24 07:29:33,25.4,29,1
2025-03-24 07:29:36,25.4,29,1
2025-03-24 07:29:38,25.4,29,1
2025-03-24 07:29:40,25.4,29,1
2025-03-24 07:29:42,25.4,29,1
2025-03-24 07:29:45,25.4,29,1
2025-03-24 07:29:47,25.4,29,1
2025-03-24 07:29:49,25.4,29,1
2025-03-24 07:29:51,25.4,29,1
2025-03-24 07:29:54,25.4,29,1
2025-03-24 07:29:56,25.3,29,1
2025-03-24 07:29:58,25.3,29,1
2025-03-24 07:30:00,25.4,29,1
2025-03-24 07:30:03,25.3,29,1
2025-03-24 07:30:05,25.4,29,1
2025-03-24 07:30:07,25.3,29,1
2025-03-24 07:30:09,25.3,29,1
2025-03-24 07:30:12,25.3,29,1
2025-03-24 07:30:14,25.3,29,1
2025-03-24 07:30:16,25.3,29,1
2025-03-24 07:30:18,25.4,29,1
2025-03-24 07:30:21,25.3,29,1
2025-03-24 07:30:23,25.3,29,1
2025-03-24 07:30:25,25.3,29,1
2025-03-24 07:30:27,25.4,29,1
2025-03-24 07:30:30,25.3,29,1
2025-03-24 07:30:32,25.4,29,1
2025-03-24 07:30:34,25.3,29,1
2025-03-24 07:30:36,25.3,29,1
2025-03-24 07:30:39,25.3,29,1
2025-03-24 07:30:41,25.4,29,1
2025-03-24 07:30:43,25.3,29,1
2025-03-24 07:30:45,25.3,29,1
2025-03-24 07:30:48,25.3,29,1
2025-03-24 07:30:50,25.3,29,1
2025-03-24 07:30:52,25.3,29,1
2025-03-24 07:30:54,25.3,29,1
2025-03-24 07:30:57,25.3,29,1
2025-03-24 07:30:59,25.4,29,1
2025-03-24 07:31:01,25.3,29,1
2025-03-24 07:31:04,25.3,29,1
2025-03-24 07:31:06,25.3,29,1
2025-03-24 07:31:08,25.3,29,1
2025-03-24 07:31:10,25.3,29,1
2025-03-24 07:31:13,25.3,29,1
2025-03-24 07:31:15,25.3,29,1
2025-03-24 07:31:17,25.3,29,1
2025-03-24 07:31:19,25.3,29,1
2025-03-24 07:31:22,25.4,29,1
2025-03-24 07:31:24,25.3,29,1
2025-03-24 07:31:26,25.3,29,1
2025-03-24 07:31:28,25.3,29,1
2025-03-24 07:31:31,25.3,29,1
2025-03-24 07:31:33,25.3,29,1
2025-03-24 07:31:35,25.3,29,1
2025-03-24 07:31:37,25.3,29,1
2025-03-24 07:31:40,25.3,29,1
2025-03-24 07:31:42,25.3,29,1
2025-03-24 07:31:44,25.3,29,1
2025-03-24 07:31:46,25.3,29,1
2025-03-24 07:31:49,25.4,29,1
2025-03-24 07:31:51,25.3,29,1
2025-03-24 07:31:53,25.3,29,1
2025-03-24 07:31:55,25.3,29,1
2025-03-24 07:31:58,25.3,29,1
2025-03-24 07:32:00,25.3,29,1
2025-03-24 07:32:02,25.3,29,1
2025-03-24 07:32:04,25.3,29,1
2025-03-24 07:32:07,25.3,29,1
2025-03-24 07:32:09,25.3,29,1
2025-03-24 07:32:11,25.3,29,1
2025-03-24 07:32:13,25.3,29,1
2025-03-24 07:32:16,25.3,29,1
2025-03-24 07:32:18,25.3,29,1
2025-03-24 07:32:20,25.4,29,1
2025-03-24 07:32:22,25.3,29,1
2025-03-24 07:32:25,25.3,29,1
2025-03-24 07:32:27,25.3,29,1
2025-03-24 07:32:29,25.3,29,1
2025-03-24 07:32:31,25.3,29,1
2025-03-24 07:32:34,25.3,29,1
2025-03-24 07:32:36,25.3,29,1
2025-03-24 07:32:38,25.3,29,1
2025-03-24 07:32:40,25.3,29,1
2025-03-24 07:32:43,25.3,29,1
2025-03-24 07:32:45,25.3,29,1
2025-03-24 07:32:47,25.3,29,1
2025-03-24 07:32:49,25.3,29,1
2025-03-24 07:32:52,25.3,29,1
2025-03-24 07:32:54,25.3,29,1
2025-03-24 07:32:56,25.3,29,1
2025-03-24 07:32:58,25.3,29,1
2025-03-24 07:33:01,25.3,29,1
2025-03-24 07:33:03,25.3,29,1
2025-03-24 07:33:05,25.3,29,1
2025-03-24 07:33:08,25.3,29,1
2025-03-24 07:33:10,25.3,29,1
2025-03-24 07:33:12,25.3,29,1
2025-03-24 07:33:14,25.3,29,1
2025-03-24 07:33:17,25.3,29,1
2025-03-24 07:33:19,25.3,29,1
2025-03-24 07:33:21,25.3,29,1
2025-03-24 07:33:23,25.3,29,1
2025-03-24 07:33:26,25.3,29,1
2025-03-24 07:33:28,25.3,29,1
2025-03-24 07:33:30,25.3,29,1
2025-03-24 07:33:32,25.3,29,1
2025-03-24 07:33:35,25.3,29,1
2025-03-24 07:33:37,25.3,29,1
2025-03-24 07:33:39,25.3,29,1
2025-03-24 07:33:41,25.3,29,1
2025-03-24 07:33:44,25.3,29,1
2025-03-24 07:33:46,25.3,29,1
2025-03-24 07:33:48,25.3,29,1
2025-03-24 07:33:50,25.3,29,1
2025-03-24 07:33:53,25.3,29,1
2025-03-24 07:33:55,25.3,29,1
2025-03-24 07:33:57,25.3,29,1
2025-03-24 07:33:59,25.3,29,1
2025-03-24 07:34:02,25.3,29,1
2025-03-24 07:34:04,25.3,29,1
2025-03-24 07:34:06,25.3,29,1
2025-03-24 07:34:08,25.3,29,1
2025-03-24 07:34:11,,,1
2025-03-24 07:34:13,25.3,29,1
2025-03-24 07:34:15,25.3,29,1
2025-03-24 07:34:17,25.3,29,1
2025-03-24 07:34:20,25.3,29,1
2025-03-24 07:34:22,25.3,29,1
2025-03-24 07:34:24,25.3,29,1
2025-03-24 07:34:26,25.3,29,1
2025-03-24 07:34:29,25.3,29,1
2025-03-24 07:34:31,25.3,29,1
2025-03-24 07:34:33,25.3,29,1
2025-03-24 07:34:36,25.3,29,1
2025-03-24 07:34:38,25.3,29,1
2025-03-24 07:34:40,25.3,29,1
2025-03-24 07:34:42,25.3,29,1
2025-03-24 07:34:45,25.3,29,1
2025-03-24 07:34:47,25.3,29,1
2025-03-24 07:34:49,25.3,29,1
2025-03-24 07:34:51,25.3,29,1
2025-03-24 07:34:54,25.3,29,1
2025-03-24 07:34:56,,,1
2025-03-24 07:34:58,25.3,29,1
2025-03-24 07:35:00,25.3,29,1
2025-03-24 07:35:03,25.3,29,1
2025-03-24 07:35:05,25.3,29,1
2025-03-24 07:35:07,25.3,29,1
2025-03-24 07:35:09,25.3,29,1
2025-03-24 07:35:12,25.3,29,1
2025-03-24 07:35:14,25.3,29,1
2025-03-24 07:35:16,25.3,29,1
2025-03-24 07:35:18,25.3,29,1
2025-03-24 07:35:21,25.3,29,1
2025-03-24 07:35:23,25.3,29,1
2025-03-24 07:35:25,25.3,29,1
2025-03-24 07:35:27,25.3,29,1
2025-03-24 07:35:30,25.3,29,1
2025-03-24 07:35:32,,,1
2025-03-24 07:35:34,25.3,29,1
2025-03-24 07:35:36,25.3,29,1
2025-03-24 07:35:39,25.3,29,1
2025-03-24 07:35:41,25.3,29,1
2025-03-24 07:35:43,25.3,29,1
2025-03-24 07:35:45,25.3,29,1
2025-03-24 07:35:48,25.3,29,1
2025-03-24 07:35:50,25.3,29,1
2025-03-24 07:35:52,25.3,29,1
2025-03-24 07:35:54,25.3,29,1
2025-03-24 07:35:57,25.3,29,1
2025-03-24 07:35:59,25.3,29,1
2025-03-24 07:36:01,25.3,29,1
2025-03-24 07:36:03,25.3,29,1
2025-03-24 07:36:06,25.3,29,1
2025-03-24 07:36:08,25.3,29,1
2025-03-24 07:36:10,25.3,29,1
2025-03-24 07:36:13,25.3,29,1
2025-03-24 07:36:15,25.3,29,1
2025-03-24 07:36:17,25.3,29,1
2025-03-24 07:36:19,25.3,29,1
2025-03-24 07:36:22,25.3,29,1
2025-03-24 07:36:24,25.3,29,1
2025-03-24 07:36:26,25.3,29,1
2025-03-24 07:36:28,25.3,29,1
2025-03-24 07:36:31,25.3,29,1
2025-03-24 07:36:33,25.3,29,1
2025-03-24 07:36:35,25.3,29,1
2025-03-24 07:36:37,25.3,29,1
2025-03-24 07:36:40,25.3,29,1
2025-03-24 07:36:42,25.3,29,1
2025-03-24 07:36:44,25.4,29,1
2025-03-24 07:36:46,25.3,29,1
2025-03-24 07:36:49,25.4,29,1
2025-03-24 07:36:51,25.3,29,1
2025-03-24 07:36:53,25.4,29,1
2025-03-24 07:36:55,25.3,29,1
2025-03-24 07:36:58,25.3,29,1
2025-03-24 07:37:00,25.4,29,1
2025-03-24 07:37:02,25.3,29,1
2025-03-24 07:37:04,25.4,29,1
2025-03-24 07:37:07,,,1
2025-03-24 07:37:09,25.3,29,1
2025-03-24 07:37:11,25.3,29,1
2025-03-24 07:37:13,25.3,29,1
2025-03-24 07:37:16,25.3,29,1
2025-03-24 07:37:18,25.3,29,1
2025-03-24 07:37:20,25.3,29,1
2025-03-24 07:37:22,25.3,29,1
2025-03-24 07:37:25,25.3,29,1
2025-03-24 07:37:27,25.3,29,1
2025-03-24 07:37:29,25.3,29,1
2025-03-24 07:37:31,25.3,29,1
2025-03-24 07:37:34,,,1
2025-03-24 07:37:36,25.3,29,1
2025-03-24 07:37:38,25.3,29,1
2025-03-24 07:37:40,25.3,29,1
2025-03-24 07:37:43,25.3,29,1
2025-03-24 07:37:45,25.3,29,1
2025-03-24 07:37:47,,,1
2025-03-24 07:37:49,25.3,29,1
2025-03-24 07:37:52,25.3,29,1
2025-03-24 07:37:54,25.3,29,1
2025-03-24 07:37:56,25.3,29,1
2025-03-24 07:37:58,25.3,29,1
2025-03-24 07:38:01,25.3,29,1
2025-03-24 07:38:03,25.3,29,1
2025-03-24 07:38:05,25.3,29,1
2025-03-24 07:38:07,25.3,29,1
2025-03-24 07:38:10,25.3,29,1
2025-03-24 07:38:12,25.3,29,1
2025-03-24 07:38:14,25.3,29,1
2025-03-24 07:38:16,25.3,29,1
2025-03-24 07:38:19,25.3,29,1
2025-03-24 07:38:21,25.3,29,1
2025-03-24 07:38:23,25.3,29,1
2025-03-24 07:38:26,25.3,29,1
2025-03-24 07:38:28,25.3,29,1
2025-03-24 07:38:30,25.3,29,1
2025-03-24 07:38:32,25.3,29,1
2025-03-24 07:38:35,,,1
2025-03-24 07:38:37,25.3,29,1
2025-03-24 07:38:39,25.3,29,1
2025-03-24 07:38:41,25.3,29,1
2025-03-24 07:38:44,25.3,29,1
2025-03-24 07:38:46,25.3,29,1
2025-03-24 07:38:48,25.3,29,1
2025-03-24 07:38:50,25.3,29,1
2025-03-24 07:38:53,25.3,29,1
2025-03-24 07:38:55,,,1
2025-03-24 07:38:57,25.3,29,1
2025-03-24 07:38:59,25.3,29,1
2025-03-24 07:39:02,,,1
2025-03-24 07:39:04,25.3,29,1
2025-03-24 07:39:06,25.3,29,1
2025-03-24 07:39:08,25.3,29,1
2025-03-24 07:39:11,25.3,29,1
2025-03-24 07:39:13,25.3,29,1
2025-03-24 07:39:15,25.3,29,1
2025-03-24 07:39:17,25.4,29,1
2025-03-24 07:39:20,25.3,29,1
2025-03-24 07:39:22,25.3,29,1
2025-03-24 07:39:24,25.3,29,1
2025-03-24 07:39:26,25.3,29,1
2025-03-24 07:39:29,25.4,29,1
2025-03-24 07:39:31,25.4,29,1
2025-03-24 07:39:33,25.3,29,1
2025-03-24 07:39:35,25.3,29,1
2025-03-24 07:39:38,25.3,29,1
2025-03-24 07:39:40,25.3,29,1
2025-03-24 07:39:42,,,1
2025-03-24 07:39:44,25.3,29,1
2025-03-24 07:39:47,25.3,29,1
2025-03-24 07:39:49,25.3,29,1
2025-03-24 07:39:51,25.3,29,1
2025-03-24 07:39:53,25.3,29,1
2025-03-24 07:39:56,25.3,29,1
2025-03-24 07:39:58,25.3,29,1
2025-03-24 07:40:00,25.3,29,1
2025-03-24 07:40:02,25.3,29,1
2025-03-24 07:40:05,25.3,29,1
2025-03-24 07:40:07,25.3,29,1
2025-03-24 07:40:09,25.3,29,1
2025-03-24 07:40:11,25.3,29,1
2025-03-24 07:40:14,25.3,29,1
2025-03-24 07:40:16,25.3,29,1
2025-03-24 07:40:18,25.3,29,1
2025-03-24 07:40:20,25.3,29,1
2025-03-24 07:40:23,25.3,29,1
2025-03-24 07:40:25,25.3,29,1
2025-03-24 07:40:27,25.3,29,1
2025-03-24 07:40:29,25.3,29,1
2025-03-24 07:40:32,25.3,29,1
2025-03-24 07:40:34,25.3,29,1
2025-03-24 07:40:36,,,1
2025-03-24 07:40:39,25.3,29,1
2025-03-24 07:40:41,25.3,29,1
2025-03-24 07:40:43,25.3,29,1
2025-03-24 07:40:45,25.3,29,1
2025-03-24 07:40:48,25.3,29,1
2025-03-24 07:40:50,,,1
2025-03-24 07:40:52,25.3,29,1
2025-03-24 07:40:54,25.3,29,1
2025-03-24 07:40:57,25.3,29,1
2025-03-24 07:40:59,25.3,29,1
